tweet_id	retweet_count	favorite_count
892420643555336193	8443	38416
892177421306343426	6220	32908
891815181378084864	4120	24797
891689557279858688	8573	41765
891327558926688256	9300	39922
891087950875897856	3085	20041
890971913173991426	2050	11726
890729181411237888	18736	64873
890609185150312448	4230	27552
890240255349198849	7336	31615
890006608113172480	7275	30377
889880896479866881	4933	27521
889665388333682689	9977	47673
889638837579907072	4498	26906
889531135344209921	2220	14953
889278841981685760	5370	25061
888917238123831296	4462	28823
888804989199671297	4284	25350
888554962724278272	3545	19689
888078434458587136	3468	21554
887705289381826560	5339	29879
887517139158093824	11576	45834
887473957103951883	18040	68465
887343217045368832	10312	33364
887101392804085760	5917	30260
886983233522544640	7709	34847
886736880519319552	3266	11944
886680336477933568	4426	22216
886366144734445568	3174	20997
886267009285017600	4	116
886258384151887873	6227	27729
886054160059072513	104	0
885984800019947520	6754	32387
885528943205470208	6375	35638
885518971528720385	3727	20232
885311592912609280	18456	0
885167619883638784	4347	21734
884925521741709313	18290	76791
884876753390489601	5741	27670
884562892145688576	4832	24077
884441805382717440	5606	26746
884247878851493888	20301	72364
884162670584377345	2962	20189
883838122936631299	3419	21710
883482846933004288	9894	45524
883360690899218434	3649	22364
883117836046086144	6626	36850
882992080364220416	3891	23746
882762694511734784	4885	28048
882627270321602560	6047	27663
882268110199369728	11506	44564
882045870035918850	4939	29080
881906580714921986	3377	24087
881666595344535552	10590	50086
881633300179243008	7	125
881536004380872706	15850	49018
881268444196462592	5122	22871
880935762899988482	2764	16870
880872448815771648	3790	21106
880465832366813184	6248	28285
880221127280381952	4193	26816
880095782870896641	4334	27386
879862464715927552	3480	22133
879674319642796034	10	311
879492040517615616	3166	23222
879415818425184262	43933	104973
879376492567855104	3102	16624
879130579576475649	6803	0
879050749262655488	4696	22394
879008229531029506	2675	18816
878776093423087618	4110	19247
878604707211726852	7171	30015
878404777348136964	1283	0
878316110768087041	6625	0
878281511006478336	1283	7681
878057613040115712	6803	41684
877736472329191424	19016	79205
877611172832227328	80	0
877556246731214848	3798	22548
877316821321428993	5151	27133
877201837425926144	5563	26885
876838120628539392	3339	20503
876537666061221889	4607	23294
876484053909872640	2389	18615
876120275196170240	4673	27686
875747767867523072	4279	25006
875144289856114688	4914	21754
875097192612077568	6027	27221
875021211251597312	4702	25278
874680097055178752	4642	27627
874434818259525634	14733	0
874296783580663808	4108	25890
874057562936811520	3952	22494
874012996292530176	10442	34401
873580283840344065	3950	24072
873337748698140672	1590	0
873213775632977920	1590	7199
872967104147763200	5409	27220
872820683541237760	3702	14643
872620804844003328	3709	20674
872486979161796608	9027	40471
872261713294495745	6348	34049
872122724285648897	8143	34304
871879754684805121	11243	37878
871762521631449091	3492	20205
871515927908634625	3472	20143
871166179821445120	5732	0
871102520638267392	5533	20874
871032628920680449	3837	22595
870804317367881728	6245	33556
870726314365509632	3	119
870656317836468226	2670	12402
870374049280663552	26413	82601
870308999962521604	4191	21806
870063196459192321	8438	36679
869772420881756160	10126	42409
869702957897576449	6399	28256
869596645499047938	3162	15983
869227993411051520	3832	20458
868880397819494401	14696	65797
868639477480148993	2127	0
868622495443632128	5859	27286
868552278524837888	2127	10177
867900495410671616	4229	24267
867774946302451713	7452	34144
867421006826221569	2555	16201
867072653475098625	128	0
867051520902168576	8006	32426
866720684873056260	4898	20211
866686824827068416	3545	19456
866450705531457537	35906	123092
866334964761202691	14733	52987
866094527597207552	8533	0
865718153858494464	5719	25812
865359393868664832	5099	26704
865006731092295680	7843	28267
864873206498414592	8911	32584
864279568663928832	3104	14764
864197398364647424	9150	30459
863907417377173506	4231	20841
863553081350529029	4265	15461
863471782782697472	2522	0
863432100342583297	5389	24084
863427515083354112	99	2291
863079547188785154	1124	8867
863062471531167744	2522	8640
862831371563274240	5207	19412
862722525377298433	3619	17282
862457590147678208	5081	20799
862096992088072192	23928	75595
861383897657036800	10990	36561
861288531465048066	4279	17436
861005113778896900	3912	16961
860981674716409858	2221	0
860924035999428608	844	0
860563773140209665	2221	7616
860524505164394496	5429	23986
860276583193509888	3575	18572
860184849394610176	6002	16953
860177593139703809	31814	0
859924526012018688	4224	19861
859851578198683649	3620	15656
859607811541651456	1621	18909
859196978902773760	31216	91598
859074603037188101	14044	34495
858860390427611136	8419	0
858843525470990336	3590	15815
858471635011153920	5014	21909
858107933456039936	3020	16037
857989990357356544	2677	16429
857746408056729600	11018	34975
857393404942143489	1704	6038
857263160327368704	4697	20441
857214891891077121	18	234
857062103051644929	178	0
857029823797047296	4160	19344
856602993587888130	11124	0
856543823941562368	2996	16636
856526610513747968	1953	12099
856330835276025856	706	0
856288084350160898	17	527
856282028240666624	6583	28363
855862651834028034	28	355
855860136149123072	1075	5167
855857698524602368	2206	12124
855851453814013952	18484	46512
855818117272018944	5667	27252
855459453768019968	8597	30714
855245323840757760	6253	0
855138241867124737	48	0
854732716440526848	6401	23486
854482394044301312	7209	30159
854365224396361728	4923	19453
854120357044912130	7878	32912
854010172552949760	3309	16685
853760880890318849	6102	29489
853639147608842240	10682	35998
853299958564483072	3750	16036
852936405516943360	2125	0
852912242202992640	1941	9360
852672615818899456	2273	15433
852553447878664193	3716	16950
852311364735569921	10467	34311
852226086759018497	7207	20732
852189679701164033	1674	11876
851953902622658560	10209	0
851861385021730816	23	0
851591660324737024	3676	16806
851464819735769094	7507	25198
851224888060895234	6070	21476
850753642995093505	9861	32253
850380195714523136	2779	13577
850333567704068097	356	3564
850145622816686080	4067	16978
850019790995546112	5207	21277
849776966551130114	8090	31711
849668094696017920	5280	0
849412302885593088	3343	16529
849336543269576704	2009	11914
849051919805034497	9082	44296
848690551926992896	4601	26303
848324959059550208	4909	25844
848213670039564288	798	8526
848212111729840128	3289	17050
847978865427394560	3472	0
847971574464610304	461	0
847962785489326080	5450	24546
847842811428974592	1435	5725
847617282490613760	451	7323
847606175596138505	3618	19613
847251039262605312	4590	21390
847157206088847362	6274	20902
847116187444137987	3410	22417
846874817362120707	4194	21032
846514051647705089	12457	46775
846505985330044928	3317	14811
846153765933735936	9719	33220
846139713627017216	10572	32341
846042936437604353	3097	16760
845812042753855489	9392	30740
845677943972139009	5129	26321
845397057150107648	1950	8004
845306882940190720	5797	24474
845098359547420673	8241	0
844979544864018432	2776	14312
844973813909606400	3453	15871
844704788403113984	11124	40672
844580511645339650	3380	17309
844223788422217728	2364	14320
843981021012017153	3143	15882
843856843873095681	4979	22499
843604394117681152	2960	17745
843235543001513987	6524	22595
842846295480000512	3866	16001
842765311967449089	1372	7103
842535590457499648	3775	19044
842163532590374912	6253	25766
842115215311396866	3264	14754
841833993020538882	16602	0
841680585030541313	8354	26980
841439858740625411	3961	13305
841320156043304961	5858	20808
841314665196081154	5072	16691
841077006473256960	5732	24141
840761248237133825	1897	0
840728873075638272	17523	0
840698636975636481	2	190
840696689258311684	1065	12970
840632337062862849	1897	9463
840370681858686976	4924	17366
840268004936019968	6196	20345
839990271299457024	2484	14174
839549326359670784	8419	29065
839290600511926273	154	0
839239871831150596	7098	28725
838952994649550848	4310	20719
838921590096166913	2247	11801
838916489579200512	36	0
838831947270979586	12000	0
838561493054533637	1433	11539
838476387338051585	5225	23897
838201503651401729	10968	0
838150277551247360	356	1776
838085839343206401	0	147
838083903487373313	3417	18649
837820167694528512	8533	36173
837482249356513284	480	4059
837471256429613056	2496	13531
837366284874571778	5747	22361
837110210464448512	2601	16954
836989968035819520	2488	13482
836753516572119041	5017	20366
836677758902222849	2416	13354
836648853927522308	600	0
836397794269200385	30032	0
836380477523124226	3207	15591
836260088725786625	4664	22507
836001077879255040	4675	20251
835685285446955009	8891	0
835574547218894849	3944	18863
835536468978302976	1851	0
835309094223372289	22894	0
835297930240217089	3249	17379
835264098648616962	1851	8227
835246439529840640	78	2212
835172783151792128	6254	27704
835152434251116546	3289	23822
834931633769889797	1796	11491
834786237630337024	5956	22409
834574053763584002	2760	14522
834477809192075265	11628	0
834458053273591808	1822	10206
834209720923721728	5224	21870
834167344700198914	3953	16701
834089966724603904	2321	10662
834086379323871233	2413	13857
833863086058651648	2622	14233
833826103416520705	3749	16281
833732339549220864	237	0
833722901757046785	3494	21959
833479644947025920	2256	15785
833124694597443584	5280	21438
832998151111966721	2424	14138
832769181346996225	40	0
832757312314028032	3956	17868
832682457690300417	3198	12625
832645525019123713	566	3100
832636094638288896	3055	16856
832397543355072512	2430	12692
832369877331693569	3472	18213
832273440279240704	2548	12016
832215909146226688	6769	0
832215726631055365	10260	0
832088576586297345	2	71
832040443403784192	10625	0
832032802820481025	5091	18969
831939777352105988	6703	25520
831926988323639298	36	362
831911600680497154	7129	29424
831670449226514432	1987	11107
831650051525054464	2125	7631
831552930092285952	2508	9581
831322785565769729	1666	9762
831315979191906304	1218	6936
831309418084069378	2666	12460
831262627380748289	2244	12671
830956169170665475	1640	8488
830583320585068544	18456	71224
830173239259324417	6252	0
830097400375152640	3300	10467
829878982036299777	5506	0
829861396166877184	2147	13040
829501995190984704	11628	33804
829449946868879360	2221	11142
829374341691346946	10209	36905
829141528400556032	8131	26134
829011960981237760	17774	56466
828801551087042563	3727	0
828770345708580865	6451	27244
828708714936930305	12312	39039
828650029636317184	1478	10129
828409743546925057	1264	6702
828408677031882754	1408	8146
828381636999917570	2436	13467
828376505180889089	1167	7880
828372645993398273	3221	13362
828361771580813312	186	2341
828046555563323392	3145	12550
828011680017821696	2357	11054
827933404142436356	5731	21490
827653905312006145	3304	16464
827600520311402496	1042	7903
827324948884643840	3364	16954
827199976799354881	2462	11295
826958653328592898	5506	23057
826848821049180160	11249	38972
826615380357632002	4331	0
826598799820865537	281	5467
826598365270007810	2578	10760
826476773533745153	4611	19675
826240494070030336	2844	14174
826204788643753985	1025	5216
826115272272650244	3447	16745
825876512159186944	2053	11182
825829644528148480	2737	13620
825535076884762624	18929	55665
825147591692263424	5029	19557
825120256414846976	1418	0
825026590719483904	1418	6796
824796380199809024	6038	0
824775126675836928	3878	16005
824663926340194305	1910	10786
824325613288833024	11429	12599
824297048279236611	4254	16088
824025158776213504	651	5108
823939628516474880	2986	11403
823719002937630720	12375	0
823699002998870016	2662	13459
823581115634085888	2914	13961
823333489516937216	29	750
823322678127919110	4429	16877
823269594223824897	10872	0
822975315408461824	3794	18522
822872901745569793	48387	141816
822859134160621569	2509	14146
822647212903690241	7073	0
822610361945911296	3264	15824
822489057087389700	7073	19452
822462944365645825	16217	30578
822244816520155136	10872	37571
822163064745328640	5307	0
821886076407029760	2584	12180
821813639212650496	3688	0
821765923262631936	1838	9038
821522889702862852	1951	8602
821421320206483457	6173	0
821407182352777218	4810	12631
821153421864615936	10	272
821149554670182400	2222	9363
821107785811234820	2347	10298
821044531881721856	2529	13593
820837357901512704	7381	0
820749716845686786	10968	33872
820690176645140481	3559	13093
820494788566847489	627	0
820446719150292993	2848	0
820314633777061888	627	3577
820078625395449857	6938	21256
820013781606658049	1307	0
819952236453363712	1307	5714
819924195358416896	5346	13817
819711362133872643	3469	14452
819588359383371776	2174	10278
819347104292290561	1334	7753
819238181065359361	448	2462
819227688460238848	7381	24810
819015337530290176	40499	0
819015331746349057	20897	0
819006400881917954	20897	48470
819004803107983360	40499	92780
818646164899774465	23077	0
818627210458333184	8236	23858
818614493328580609	2857	10602
818588835076603904	6804	0
818536468981415936	2745	11727
818307523543449600	8999	0
818259473185828864	2532	11856
818145370475810820	2880	13216
817908911860748288	871	5206
817827839487737858	30032	55781
817777686764523521	2951	11501
817536400337801217	3358	12685
817502432452313088	3757	0
817423860136083457	16602	36832
817415592588222464	1067	6052
817181837579653120	9426	0
817171292965273600	2226	9391
817120970343411712	2902	13085
817056546584727552	1829	9220
816829038950027264	5226	0
816816676327063552	2254	10748
816697700272001025	2443	10552
816450570814898180	8999	32909
816336735214911488	2166	9258
816091915477250048	2383	9610
816062466425819140	1161	0
816014286006976512	5885	0
815990720817401858	1161	5384
815966073409433600	9426	24179
815745968457060357	4583	0
815736392542261248	2515	10590
815639385530101762	1827	8847
815390420867969024	4219	11143
814986499976527872	1433	8224
814638523311648768	3006	12152
814578408554463233	6450	0
814530161257443328	2056	9330
814153002265309185	9649	30981
813944609378369540	3566	0
813910438903693312	2093	10003
813812741911748608	15541	39163
813800681631023104	1957	8990
813217897535406080	8095	20145
813202720496779264	1997	9889
813187593374461952	4840	21380
813172488309972993	2123	10056
813157409116065792	2460	8354
813142292504645637	2621	9070
813130366689148928	492	4816
813127251579564032	3471	12791
813112105746448384	3062	11146
813096984823349248	4004	11346
813081950185472002	3075	10649
813066809284972545	2157	8583
813051746834595840	8135	22593
812781120811126785	2119	8171
812747805718642688	7708	0
812709060537683968	1590	7136
812503143955202048	1360	6562
812466873996607488	2137	8617
812372279581671427	4078	14779
811985624773361665	1555	7829
811744202451197953	1789	8149
811647686436880384	824	6026
811627233043480576	3483	13827
811386762094317568	7106	22549
810984652412424192	1589	5754
810896069567610880	1988	9763
810657578271330305	2932	11829
810284430598270976	12688	38283
810254108431155201	3727	15843
809920764300447744	4331	16716
809808892968534016	5449	0
809448704142938112	1634	7476
809220051211603969	6252	21526
809084759137812480	3892	14265
808838249661788160	3375	10903
808733504066486276	2407	8535
808501579447930884	2891	12192
808344865868283904	23077	45899
808134635716833280	6628	0
808106460588765185	2433	9405
808001312164028416	3931	13579
807621403335917568	4102	15743
807106840509214720	60238	121696
807059379405148160	8166	0
807010152071229440	4244	14071
806629075125202948	38822	81215
806620845233815552	6139	0
806576416489959424	2135	5235
806542213899489280	2632	11027
806242860592926720	13024	0
806219024703037440	1335	6927
805958939288408065	5987	0
805932879469572096	2122	8933
805826884734976000	2037	7113
805823200554876929	8963	0
805520635690676224	1839	6195
805487436403003392	2818	9470
805207613751304193	1895	8414
804738756058218496	4284	14855
804475857670639616	2233	6653
804413760345620481	3578	0
804026241225523202	18040	48257
803773340896923648	3086	10854
803692223237865472	8269	0
803638050916102144	4613	11887
803380650405482500	2069	8379
803321560782307329	5919	0
803276597545603072	2753	10845
802952499103731712	2235	9762
802624713319034886	3258	0
802600418706604034	1635	7696
802572683846291456	2790	9668
802323869084381190	6511	17578
802265048156610565	1515	6921
802239329049477120	2899	9809
802185808107208704	297	0
801958328846974976	1902	8343
801854953262350336	261	1906
801538201127157760	2293	8865
801285448605831168	924	6556
801167903437357056	6628	26513
801127390143516673	4429	0
801115127852503040	2325	8745
800859414831898624	107	745
800855607700029440	1812	0
800751577355128832	3090	11363
800513324630806528	3350	14217
800459316964663297	2400	10223
800443802682937345	4805	0
800388270626521089	3125	12055
800188575492947969	4392	0
800141422401830912	2848	16548
800018252395122689	14665	30715
799774291445383169	5223	0
799757965289017345	2408	9088
799422933579902976	2128	8697
799308762079035393	6175	0
799297110730567681	3087	10730
799063482566066176	2738	8763
798933969379225600	4989	14253
798925684722855936	1600	8045
798705661114773508	7370	0
798701998996647937	8702	0
798697898615730177	7241	0
798694562394996736	5527	0
798686750113755136	2590	0
798682547630837760	5262	0
798673117451325440	6192	0
798665375516884993	4323	0
798644042770751489	2061	0
798628517273620480	2190	0
798585098161549313	6360	0
798576900688019456	6537	0
798340744599797760	3744	0
798209839306514432	2841	11239
797971864723324932	3494	12620
797545162159308800	5411	15698
797236660651966464	7391	21673
797165961484890113	29	248
796904159865868288	9920	0
796865951799083009	2118	8311
796759840936919040	3406	12859
796563435802726400	8144	0
796484825502875648	1959	8213
796387464403357696	4639	11918
796177847564038144	15932	0
796149749086875649	15932	35029
796125600683540480	1985	5348
796116448414461957	2699	9840
796080075804475393	2580	9140
796031486298386433	4108	11704
795464331001561088	26524	53964
795400264262053889	3191	10934
795076730285391872	6037	17580
794983741416415232	3753	0
794926597468000259	2579	11133
794355576146903043	11463	0
794332329137291264	2943	10355
794205286408003585	3685	9961
793962221541933056	5449	18231
793845145112371200	2094	9964
793614319594401792	3481	0
793601777308463104	1822	8638
793500921481273345	2657	11586
793286476301799424	10260	26666
793271401113350145	2635	9368
793256262322548741	9283	21640
793241302385262592	3655	11396
793226087023144960	3189	10653
793210959003287553	3136	9670
793195938047070209	6266	16536
793180763617361921	2217	7498
793165685325201412	3096	10178
793150605191548928	1899	6684
793135492858580992	2778	7003
793120401413079041	4352	13738
792913359805018113	4479	15547
792883833364439040	4753	12247
792773781206999040	1871	7955
792394556390137856	4769	14593
792050063153438720	2001	7778
791821351946420224	23404	0
791784077045166082	10740	0
791780927877898241	4225	0
791774931465953280	24702	48854
791672322847637504	3481	12729
791406955684368384	4583	14212
791312159183634433	2827	9513
791026214425268224	4580	0
790987426131050500	2381	10706
790946055508652032	5226	17967
790723298204217344	2587	0
790698755171364864	2123	8867
790581949425475584	7990	22387
790337589677002753	2078	8466
790277117346975746	3566	13581
790227638568808452	3980	0
789986466051088384	2587	10004
789960241177853952	4628	0
789903600034189313	4596	11251
789628658055020548	1982	8146
789599242079838210	2159	7333
789530877013393408	3753	12742
789314372632018944	2562	9312
789280767834746880	5506	0
789268448748703744	2876	9858
789137962068021249	3107	10504
788908386943430656	13782	29636
788765914992902144	11463	29666
788552643979468800	8026	0
788412144018661376	5891	16862
788178268662984705	2360	7829
788150585577050112	1448	6650
788070120937619456	3800	0
788039637453406209	1478	6651
787810552592695296	3393	9385
787717603741622272	3094	11049
787397959788929025	3150	11731
787322443945877504	1937	8420
787111942498508800	7452	0
786963064373534720	8891	28741
786729988674449408	2689	0
786709082849828864	6768	19668
786664955043049472	2858	11532
786595970293370880	3445	10167
786363235746385920	3898	11796
786286427768250368	3177	8629
786233965241827333	5307	16551
786051337297522688	171	1553
786036967502913536	7862	0
785927819176054784	3517	12270
785872687017132033	2025	7223
785639753186217984	2463	8446
785533386513321988	2234	9854
785515384317313025	1397	6592
785264754247995392	1820	7843
785170936622350336	5404	13076
784826020293709826	3578	10947
784517518371221505	2817	9690
784431430411685888	1421	6153
784183165795655680	8963	21726
784057939640352768	12375	32303
783839966405230592	12000	32472
783821107061198850	2181	7948
783695101801398276	3575	11282
783466772167098368	2502	9124
783391753726550016	6118	18222
783347506784731136	6227	0
783334639985389568	13024	31573
783085703974514689	2463	8786
782969140009107456	8166	26031
782747134529531904	1549	8060
782722598790725632	5987	18630
782598640137187329	2084	8393
782305867769217024	6173	17985
782021823840026624	6932	0
781955203444699136	3725	11984
781661882474196992	2997	11266
781655249211752448	1244	4320
781524693396357120	6139	22379
781308096455073793	2822	7697
781251288990355457	2326	9093
781163403222056960	3019	10528
780931614150983680	8144	23326
780858289093574656	2209	7756
780800785462489090	1439	5945
780601303617732608	3688	13029
780543529827336192	1917	6788
780496263422808064	4117	0
780476555013349377	129	0
780459368902959104	1179	5694
780192070812196864	2477	9390
780092040432480260	2548	0
780074436359819264	5539	13200
779834332596887552	7862	20492
779377524342161408	3445	9506
779124354206535695	20371	0
779123168116150273	4030	12717
779056095788752897	5006	15952
778990705243029504	8067	21599
778774459159379968	11032	0
778764940568104960	406	921
778748913645780993	1477	7436
778650543019483137	1653	6223
778624900596654080	1122	5015
778408200802557953	4818	14698
778396591732486144	13543	0
778383385161035776	1218	6289
778286810187399168	3668	11197
778039087836069888	2914	9131
778027034220126208	1799	7067
777953400541634568	3895	0
777885040357281792	1818	6849
777684233540206592	3258	12092
777641927919427584	4696	0
777621514455814149	2755	9447
777189768882946048	4792	15410
776819012571455488	15186	0
776813020089548800	1339	5252
776477788987613185	3100	9541
776249906839351296	10133	0
776218204058357768	17641	32320
776201521193218049	2784	10325
776113305656188928	4805	12652
776088319444877312	167	1977
775898661951791106	17376	0
775842724423557120	2964	12609
775733305207554048	4429	14876
775729183532220416	5047	13894
775364825476165632	3297	8002
775350846108426240	4321	10919
775085132600442880	5223	16716
774757898236878852	1954	9179
774639387460112384	1918	7221
774314403806253056	6175	23402
773985732834758656	4291	11550
773922284943896577	1914	6880
773704687002451968	1807	7097
773670353721753600	1431	5723
773547596996571136	6804	23711
773336787167145985	5622	0
773308824254029826	8241	24968
773247561583001600	3543	10117
773191612633579521	4533	10741
772877495989305348	4282	9233
772826264096874500	2564	8568
772615324260794368	3711	0
772581559778025472	1863	6956
772193107915964416	1526	6454
772152991789019136	1236	4057
772117678702071809	804	4026
772114945936949249	520	2912
772102971039580160	1017	4310
771908950375665664	2091	7064
771770456517009408	3744	12899
771500966810099713	2885	8883
771380798096281600	5622	11310
771171053431250945	8333	0
771136648247640064	3226	9877
771102124360998913	1576	6694
771014301343748096	1824	7378
770787852854652928	1348	5330
770772759874076672	1560	5572
770655142660169732	1917	7869
770414278348247044	2268	6757
770293558247038976	1642	6699
770093767776997377	3343	0
770069151037685760	2536	8139
769940425801170949	10625	33777
769695466921623552	1831	6867
769335591808995329	8447	0
769212283578875904	1886	5784
768970937022709760	7199	15471
768909767477751808	2980	0
768855141948723200	980	4502
768609597686943744	1335	4417
768596291618299904	1404	5391
768554158521745409	6397	0
768473857036525572	3774	14622
768193404517830656	3895	11699
767884188863397888	1544	5096
767754930266464257	5919	17199
767500508068192258	2561	8035
767191397493538821	4196	13175
767122157629476866	3140	10866
766864461642756096	6227	0
766793450729734144	1492	5452
766714921925144576	423	2791
766693177336135680	867	4324
766423258543644672	1754	6457
766313316352462849	2071	7274
766078092750233600	2850	0
766069199026450432	956	4593
766008592277377025	540	4005
765719909049503744	2370	7765
765669560888528897	1336	5566
765395769549590528	3722	28264
765371061932261376	2366	7602
765222098633691136	3711	12455
764857477905154048	1947	6885
764259802650378240	1667	6483
763956972077010945	59	792
763837565564780549	4580	13537
763183847194451968	1619	5798
763167063695355904	3314	0
763103485927849985	2495	7886
762699858130116608	3980	13046
762471784394268675	7137	12105
762464539388485633	4628	11079
762316489655476224	1235	5169
762035686371364864	17131	34281
761976711479193600	2214	5797
761750502866649088	4328	0
761745352076779520	939	4553
761672994376806400	31814	53028
761599872357261312	1291	4422
761371037149827077	19679	0
761334018830917632	1596	5580
761292947749015552	1208	4789
761227390836215808	1706	5702
761004547850530816	3800	12085
760893934457552897	1065	4089
760656994973933572	2110	7073
760641137271070720	1412	5302
760539183865880579	3972	8109
760521673607086080	1535	4526
760290219849637889	12586	28683
760252756032651264	947	4214
760190180481531904	1989	6095
760153949710192640	35	0
759943073749200896	2296	6353
759923798737051648	6227	15710
759846353224826880	2176	7200
759793422261743616	2088	6375
759566828574212096	23167	0
759557299618865152	1285	5034
759447681597108224	2689	9084
759446261539934208	534	1790
759197388317847553	2124	6485
759159934323924993	1283	0
759099523532779520	4581	15556
759047813560868866	2210	6979
758854675097526272	977	3799
758828659922702336	4190	11944
758740312047005698	1752	6126
758474966123810816	1085	4094
758467244762497024	2439	5139
758405701903519748	2107	5564
758355060040593408	1190	3672
758099635764359168	11032	20508
758041019896193024	412	2898
757741869644341248	3563	7361
757729163776290825	8878	0
757725642876129280	1335	4837
757611664640446465	1224	4863
757597904299253760	320	0
757596066325864448	1163	4645
757400162377592832	7471	16193
757393109802180609	1912	6240
757354760399941633	1554	4826
756998049151549440	2176	6694
756939218950160384	2197	7104
756651752796094464	1443	5416
756526248105566208	3958	11120
756303284449767430	1185	4222
756288534030475264	19144	45670
756275833623502848	1679	6879
755955933503782912	3156	7847
755206590534418437	5880	17610
755110668769038337	12103	22671
754874841593970688	8781	0
754856583969079297	2762	7340
754747087846248448	572	2751
754482103782404096	2133	5671
754449512966619136	803	3999
754120377874386944	2551	8363
753655901052166144	2382	6248
753420520834629632	3893	8447
753398408988139520	2099	6190
753375668877008896	2548	8146
753298634498793472	6311	0
753294487569522689	1138	3632
753039830821511168	22894	39611
753026973505581056	1062	4156
752932432744185856	7452	13472
752917284578922496	1717	7353
752701944171524096	3151	0
752682090207055872	1757	6413
752660715232722944	1721	4711
752568224206688256	2497	5918
752519690950500352	3759	7881
752334515931054080	1202	4075
752309394570878976	18210	0
752173152931807232	2019	6357
751950017322246144	1017	3286
751937170840121344	1465	5570
751830394383790080	2137	6192
751793661361422336	3189	6251
751598357617971201	3311	8425
751583847268179968	1219	4708
751538714308972544	1387	5378
751456908746354688	1087	3417
751251247299190784	6407	13321
751205363882532864	2002	6733
751132876104687617	1426	5416
750868782890057730	1515	5096
750719632563142656	5506	14077
750506206503038976	1256	4742
750429297815552001	4696	14065
750383411068534784	1237	4832
750381685133418496	33	736
750147208377409536	1056	3302
750132105863102464	1385	3871
750117059602808832	1418	4609
750101899009982464	918	3237
750086836815486976	593	2314
750071704093859840	3638	8371
750056684286914561	973	3343
750041628174217216	674	3386
750026558547456000	861	2889
750011400160841729	995	3462
749996283729883136	880	3226
749981277374128128	2673	5450
749774190421639168	1429	4948
749417653287129088	1819	6502
749403093750648834	598	2799
749395845976588288	3778	9169
749317047558017024	2415	5852
749075273010798592	2253	6141
749064354620928000	1641	5097
749036806121881602	849	3291
748977405889503236	3710	11415
748932637671223296	2460	6217
748705597323898880	1030	2940
748699167502000129	1743	5038
748692773788876800	1447	4511
748575535303884801	2173	6453
748568946752774144	729	2323
748346686624440324	1343	5569
748337862848962560	4491	8183
748324050481647620	835	3943
748307329658011649	777	3898
748220828303695873	8473	15024
747963614829678593	2337	6162
747933425676525569	2777	7056
747885874273214464	1075	3140
747844099428986880	813	2984
747816857231626240	1267	5158
747651430853525504	171	1467
747648653817413632	6351	13711
747600769478692864	596	2465
747594051852075008	1147	3920
747512671126323200	1723	5900
747461612269887489	1125	4112
747439450712596480	2092	5768
747242308580548608	3132	0
747219827526344708	1720	5615
747204161125646336	999	3593
747103485104099331	4348	10176
746906459439529985	325	3070
746872823977771008	2334	6364
746818907684614144	1871	5634
746790600704425984	1726	5175
746757706116112384	4225	10157
746726898085036033	1941	6414
746542875601690625	2026	5346
746521445350707200	1066	0
746507379341139972	1173	4916
746369468511756288	1793	6555
746131877086527488	2390	7330
746056683365994496	891	3772
745789745784041472	1157	4289
745712589599014916	2522	7415
745433870967832576	2761	7538
745422732645535745	2637	9106
745314880350101504	3009	7599
745074613265149952	3821	8315
745057283344719872	2470	7678
744995568523612160	677	3160
744971049620602880	2920	8360
744709971296780288	1688	5935
744334592493166593	2317	7181
744234799360020481	84546	164764
744223424764059648	404	1804
743980027717509120	1179	4400
743895849529389061	1034	3866
743835915802583040	2266	0
743609206067040256	1494	4753
743595368194129920	7107	19571
743545585370791937	1015	3738
743510151680958465	3999	8374
743253157753532416	1311	4488
743222593470234624	2060	6565
743210557239623680	1474	4062
742534281772302336	3850	7465
742528092657332225	2157	4704
742465774154047488	4207	7681
742423170473463808	4117	10425
742385895052087300	2158	7202
742161199639494656	1487	4592
742150209887731712	1690	5450
741793263812808706	1637	4829
741743634094141440	2995	8660
741438259667034112	905	3884
741303864243200000	3500	9283
741099773336379392	6003	10639
741067306818797568	3343	9997
740995100998766593	2996	6783
740711788199743490	1007	3606
740699697422163968	842	2998
740676976021798912	7370	19212
740373189193256964	14396	36815
740365076218183684	472	2627
740359016048689152	924	3498
740214038584557568	2130	7090
739979191639244800	6397	21129
739932936087216128	1168	4294
739844404073074688	921	4015
739623569819336705	1471	4032
739606147276148736	1794	5700
739544079319588864	23167	42044
739485634323156992	3178	7615
739238157791694849	62770	122229
738891149612572673	6	113
738885046782832640	1236	3992
738883359779196928	880	3539
738537504001953792	1691	5396
738402415918125056	918	3457
738184450748633089	1313	4564
738166403467907072	3690	9306
738156290900254721	709	2681
737826014890496000	1909	5572
737800304142471168	3745	10565
737678689543020544	1450	5332
737445876994609152	4825	10910
737322739594330112	876	3816
737310737551491075	8010	15540
736736130620620800	1874	4578
736392552031657984	8026	18766
736365877722001409	1354	4224
736225175608430592	2987	8601
736010884653420544	3222	8368
735991953473572864	1240	3814
735648611367784448	1182	4242
735635087207878657	2554	6539
735274964362878976	5476	13764
735256018284875776	957	3536
735137028879360001	1047	3317
734912297295085568	556	2895
734787690684657664	6793	13284
734776360183431168	584	2650
734559631394082816	427	1575
733828123016450049	837	3796
733822306246479872	1088	3882
733482008106668032	1025	3324
733460102733135873	1380	4447
733109485275860992	17376	47168
732732193018155009	576	2581
732726085725589504	957	3732
732585889486888962	828	3891
732375214819057664	2720	8543
732005617171337216	5885	15777
731285275100512256	1063	3684
731156023742988288	1371	4047
730924654643314689	2134	6476
730573383004487680	2321	5196
730427201120833536	1120	3659
730211855403241472	1139	4044
730196704625098752	2070	5155
729854734790754305	1206	4250
729838605770891264	414	1795
729823566028484608	1332	4210
729463711119904772	2479	6134
729113531270991872	353	1988
728986383096946689	883	3337
728760639972315136	1833	4932
728751179681943552	731	2937
728653952833728512	1122	3501
728409960103686147	2170	5193
728387165835677696	1030	3871
728046963732717569	1265	4547
728035342121635841	1796	4799
728015554473250816	1180	4321
727685679342333952	687	3103
727644517743104000	1886	6222
727524757080539137	1318	4713
727314416056803329	806	3505
727286334147182592	876	3211
727175381690781696	1479	4086
727155742655025152	1423	3838
726935089318363137	2643	7262
726887082820554753	1622	4043
726828223124897792	1086	3746
726224900189511680	1242	4659
725842289046749185	2850	7432
725786712245440512	1461	4393
725729321944506368	1919	5480
725458796924002305	669	1487
724983749226668032	1405	3897
724771698126512129	691	2497
724405726123311104	1773	5595
724049859469295616	1904	4566
724046343203856385	598	2809
724004602748780546	1699	4413
723912936180330496	1314	4103
723688335806480385	3206	8129
723673163800948736	959	3196
723179728551723008	2021	5580
722974582966214656	1694	4339
722613351520608256	1760	5215
721503162398597120	2015	4913
721001180231503872	661	2664
720785406564900865	838	3286
720775346191278080	733	2617
720415127506415616	1606	4344
720389942216527872	2715	6758
720340705894408192	1046	3028
720059472081784833	1214	4103
720043174954147842	2161	5163
719991154352222208	1883	5091
719704490224398336	1564	4811
719551379208073216	2084	5330
719367763014393856	796	2943
719339463458033665	1347	4654
719332531645071360	1031	3601
718971898235854848	1183	3675
718939241951195136	1893	5517
718631497683582976	8702	19940
718613305783398402	519	2571
718540630683709445	1089	2626
718460005985447936	573	2852
718454725339934721	1623	5136
718246886998687744	537	2035
718234618122661888	1080	4081
717841801130979328	642	2578
717790033953034240	1214	3048
717537687239008257	1984	6065
717428917016076293	488	1689
717421804990701568	909	3318
717047459982213120	2049	6606
717009362452090881	1048	3450
716802964044845056	1264	4502
716791146589110272	1491	5841
716730379797970944	458	1298
716447146686459905	6331	13818
716439118184652801	231	2491
716285507865542656	1167	2929
716080869887381504	1870	5147
715928423106027520	943	3364
715758151270801409	1530	3940
715733265223708672	1825	4926
715704790270025728	606	2949
715696743237730304	1385	4116
715680795826982913	1747	4565
715360349751484417	1691	5772
715342466308784130	736	3185
715220193576927233	704	2544
715200624753819648	2030	5401
715009755312439296	1328	4393
714982300363173890	1111	3955
714962719905021952	4599	7755
714957620017307648	1529	4361
714631576617938945	1077	3446
714606013974974464	1003	3816
714485234495041536	1247	2855
714258258790387713	772	3167
714251586676113411	907	3448
714214115368108032	943	2392
714141408463036416	1504	4535
713919462244790272	835	3457
713909862279876608	590	2018
713900603437621249	804	2982
713761197720473600	1483	5148
713411074226274305	1392	4647
713177543487135744	3051	7591
713175907180089344	1564	4707
712809025985978368	7241	19608
712717840512598017	5391	13044
712668654853337088	1308	4388
712438159032893441	1684	5613
712309440758808576	25	257
712097430750289920	1111	4008
712092745624633345	970	3102
712085617388212225	521	3418
712065007010385924	668	2393
711998809858043904	136	0
711694788429553666	19679	34660
711652651650457602	985	4083
711363825979756544	1220	3859
711306686208872448	791	3496
711008018775851008	668	3159
710997087345876993	1498	4806
710844581445812225	740	2682
710833117892898816	580	2836
710658690886586372	608	2439
710609963652087808	2531	5062
710588934686908417	2024	4803
710296729921429505	792	2498
710283270106132480	557	2250
710272297844797440	1356	4773
710269109699739648	1215	2539
710153181850935296	963	3069
710140971284037632	962	2925
710117014656950272	2141	5804
709918798883774466	1151	3149
709901256215666688	106	710
709852847387627521	1285	3692
709566166965075968	1300	3734
709556954897764353	1144	3466
709519240576036864	257	1571
709449600415961088	638	2350
709409458133323776	747	2765
709225125749587968	617	2530
709207347839836162	6294	13321
709198395643068416	688	2549
709179584944730112	724	2130
709158332880297985	449	2157
709042156699303936	1769	5018
708853462201716736	705	1894
708845821941387268	967	3143
708834316713893888	543	1793
708810915978854401	7500	17426
708738143638450176	881	2891
708711088997666817	786	2693
708479650088034305	726	2690
708469915515297792	883	3254
708400866336894977	10907	16905
708356463048204288	1443	3820
708349470027751425	793	2486
708149363256774660	1660	4513
708130923141795840	905	3578
708119489313951744	1054	2837
708109389455101952	584	2037
708026248782585858	2073	4609
707995814724026368	1209	3287
707983188426153984	2	51
707969809498152960	1047	2855
707776935007539200	1021	3464
707741517457260545	655	2637
707738799544082433	2661	4334
707693576495472641	1079	3628
707629649552134146	948	2724
707610948723478529	6932	17920
707420581654872064	747	2401
707411934438625280	647	2406
707387676719185920	1405	3709
707377100785885184	1162	3474
707315916783140866	691	2612
707297311098011648	856	2920
707059547140169728	732	2720
707038192327901184	855	2323
707021089608753152	1480	4298
707014260413456384	645	2434
706904523814649856	8447	15413
706901761596989440	645	2188
706681918348251136	1046	3507
706644897839910912	1183	2730
706593038911545345	674	2283
706538006853918722	1525	3656
706516534877929472	1114	3273
706346369204748288	996	3644
706310011488698368	8628	22662
706291001778950144	503	1799
706265994973601792	991	2883
706169069255446529	2400	4133
706166467411222528	1737	5441
706153300320784384	414	1579
705975130514706432	800	3277
705970349788291072	961	3321
705898680587526145	606	2510
705786532653883392	572	2062
705591895322394625	1240	3352
705475953783398401	1001	3129
705442520700944385	1784	4709
705428427625635840	1828	4042
705239209544720384	812	3169
705223444686888960	869	2734
705102439679201280	553	2274
705066031337840642	656	2298
704871453724954624	1203	4519
704859558691414016	589	2390
704847917308362754	1657	5409
704819833553219584	1082	2795
704761120771465216	3132	7019
704499785726889984	1081	3111
704491224099647488	91	810
704480331685040129	1145	3596
704364645503647744	3840	8506
704347321748819968	382	1679
704134088924532736	504	1602
704113298707505153	609	1967
704054845121142784	995	3093
703774238772166656	501	1951
703769065844768768	1226	3488
703631701117943808	748	2750
703611486317502464	1641	4088
703425003149250560	1496	4019
703407252292673536	754	2609
703382836347330562	1233	3710
703356393781329922	418	2023
703268521220972544	593	2083
703079050210877440	3349	7810
703041949650034688	13543	27939
702932127499816960	781	2743
702899151802126337	485	1709
702684942141153280	1163	3408
702671118226825216	605	2319
702598099714314240	3536	10950
702539513671897089	1037	3037
702332542343577600	1680	3382
702321140488925184	1115	3471
702276748847800320	826	2620
702217446468493312	1453	5096
701981390485725185	1073	3641
701952816642965504	1104	4024
701889187134500865	1489	3771
701805642395348998	1833	3639
701601587219795968	497	2207
701570477911896070	1011	2985
701545186879471618	660	2814
701214700881756160	5526	12953
700890391244103680	619	2350
700864154249383937	662	2749
700847567345688576	539	2576
700796979434098688	1035	2580
700747788515020802	10133	24197
700518061187723268	863	2795
700505138482569216	618	2415
700462010979500032	1947	4385
700167517596164096	806	2801
700151421916807169	714	2371
700143752053182464	2980	7980
700062718104104960	751	2798
700029284593901568	629	2191
700002074055016451	1454	3507
699801817392291840	1041	3235
699788877217865730	535	2379
699779630832685056	1338	2937
699775878809702401	658	2077
699691744225525762	4962	10874
699446877801091073	2823	6282
699434518667751424	548	2295
699423671849451520	358	1450
699413908797464576	669	2187
699370870310113280	474	1988
699323444782047232	934	3344
699088579889332224	679	2369
699079609774645248	709	2591
699072405256409088	1283	3182
699060279947165696	1958	4008
699036661657767936	1292	2762
698989035503689728	1062	3585
698953797952008193	977	2868
698907974262222848	670	2686
698710712454139905	741	2620
698703483621523456	408	1537
698635131305795584	369	1362
698549713696649216	663	2453
698355670425473025	486	1982
698342080612007937	1024	2399
698262614669991936	2169	5027
698195409219559425	6450	17751
698178924120031232	797	2965
697995514407682048	359	1618
697990423684476929	1398	3481
697943111201378304	747	2547
697881462549430272	1282	3195
697630435728322560	581	1853
697616773278015490	1092	3346
697596423848730625	1361	3216
697575480820686848	545	2156
697516214579523584	1223	2191
697482927769255936	732	2565
697463031882764288	1484	3607
697270446429966336	2011	4942
697259378236399616	1075	3478
697255105972801536	1255	3195
697242256848379904	719	2664
696900204696625153	1106	3384
696894894812565505	732	2489
696886256886657024	1935	5120
696877980375769088	767	2585
696754882863349760	386	1561
696744641916489729	1019	2195
696713835009417216	700	2520
696518437233913856	1830	4125
696490539101908992	158	1292
696488710901260288	1117	2691
696405997980676096	1231	3404
696100768806522880	718	2051
695816827381944320	1265	3183
695794761660297217	847	3371
695767669421768709	804	1982
695629776980148225	2270	4841
695446424020918272	1955	4622
695409464418041856	3853	9138
695314793360662529	1591	3860
695095422348574720	665	2799
695074328191332352	1193	3011
695064344191721472	651	1706
695051054296211456	851	2825
694925794720792577	985	2850
694905863685980160	1011	2924
694669722378485760	15621	37829
694356675654983680	312	1595
694352839993344000	671	2155
694342028726001664	528	1672
694329668942569472	540	2126
694206574471057408	2195	4436
694183373896572928	1003	3116
694001791655137281	1118	3590
693993230313091072	437	1982
693942351086120961	398	1837
693647888581312512	642	2861
693644216740769793	139	1426
693642232151285760	448	2695
693629975228977152	868	2592
693622659251335168	399	1635
693590843962331137	2131	5359
693582294167244802	276	1736
693486665285931008	681	1884
693280720173801472	1343	3559
693267061318012928	888	2532
693262851218264065	544	2362
693231807727280129	793	3035
693155686491000832	3457	8358
693109034023534592	665	1825
693095443459342336	500	1988
692919143163629568	805	2831
692905862751522816	948	2580
692901601640583168	655	1896
692894228850999298	872	2414
692828166163931137	955	3043
692752401762250755	3924	7239
692568918515392513	1662	4610
692535307825213440	1466	3384
692530551048294401	456	1963
692423280028966913	248	1565
692417313023332352	3757	9905
692187005137076224	886	2672
692158366030913536	858	2286
692142790915014657	426	1741
692041934689402880	1377	3603
692017291282812928	1035	3037
691820333922455552	1785	4183
691793053716221953	4538	8598
691756958957883396	1104	3066
691675652215414786	550	2057
691483041324204033	609	2517
691459709405118465	1243	4307
691444869282295808	918	2806
691416866452082688	8268	20505
691321916024623104	712	2730
691096613310316544	967	3144
691090071332753408	362	1809
690989312272396288	3107	6268
690959652130045952	1360	3795
690938899477221376	2163	4382
690932576555528194	1105	3485
690735892932222976	1385	4012
690728923253055490	559	2304
690690673629138944	858	2472
690649993829576704	304	1383
690607260360429569	17	307
690597161306841088	652	2085
690400367696297985	490	1985
690374419777196032	932	3450
690360449368465409	963	2813
690348396616552449	553	1595
690248561355657216	446	1786
690021994562220032	1119	2965
690015576308211712	798	2664
690005060500217858	1826	3891
689999384604450816	406	1513
689993469801164801	496	1555
689977555533848577	483	1448
689905486972461056	749	2574
689877686181715968	1282	3198
689835978131935233	818	2292
689661964914655233	1006	3391
689659372465688576	4221	11004
689623661272240129	700	2369
689599056876867584	5978	12329
689557536375177216	500	2172
689517482558820352	1550	3598
689289219123089408	1008	2389
689283819090870273	1196	3488
689280876073582592	779	2116
689275259254616065	267	1225
689255633275777024	1167	2714
689154315265683456	1087	3245
689143371370250240	558	2146
688916208532455424	944	2894
688908934925697024	837	2241
688898160958271489	852	2233
688894073864884227	752	2367
688828561667567616	401	1462
688804835492233216	213	1015
688789766343622656	720	2348
688547210804498433	763	2767
688519176466644993	793	2452
688385280030670848	4827	9867
688211956440801280	908	2356
688179443353796608	637	2247
688116655151435777	848	2996
688064179421470721	387	1827
687841446767013888	2735	5796
687826841265172480	1224	2890
687818504314159109	1025	2652
687807801670897665	759	2534
687732144991551489	710	1869
687704180304273409	906	2591
687664829264453632	555	2055
687494652870668288	623	2032
687480748861947905	266	1694
687476254459715584	580	2087
687460506001633280	587	2169
687399393394311168	680	2011
687317306314240000	9920	21319
687312378585812992	2061	4614
687127927494963200	2474	5794
687124485711986689	550	2294
687109925361856513	2672	6162
687102708889812993	1072	2481
687096057537363968	656	2380
686947101016735744	3439	9123
686760001961103360	1490	3726
686749460672679938	1579	3675
686730991906516992	1298	4398
686683045143953408	869	2980
686618349602762752	1470	3896
686606069955735556	585	2002
686394059078897668	738	1858
686386521809772549	955	3454
686377065986265092	604	2355
686358356425093120	739	2332
686286779679375361	1807	4249
686050296934563840	795	2339
686035780142297088	131	1220
686034024800862208	1267	3308
686007916130873345	451	2618
686003207160610816	686	1929
685973236358713344	574	2236
685943807276412928	660	1729
685906723014619143	3153	7970
685681090388975616	137	2152
685667379192414208	623	2483
685663452032069632	1588	3451
685641971164143616	839	3116
685547936038666240	17000	34957
685532292383666176	1243	3225
685325112850124800	4328	10052
685321586178670592	695	2814
685315239903100929	1169	3546
685307451701334016	476	2197
685268753634967552	1309	3291
685198997565345792	724	2473
685169283572338688	1544	4343
684969860808454144	417	2508
684959798585110529	3404	7235
684940049151070208	1132	3420
684926975086034944	511	3711
684914660081053696	1582	3717
684902183876321280	574	1993
684880619965411328	892	2227
684830982659280897	23402	37203
684800227459624960	1080	2873
684594889858887680	3836	9481
684588130326986752	1524	4372
684567543613382656	1337	3191
684538444857667585	1045	2807
684481074559381504	1267	4099
684460069371654144	603	2096
684241637099323392	3580	8649
684225744407494656	230	1314
684222868335505415	1501	4079
684200372118904832	1120	2297
684195085588783105	562	2032
684188786104872960	1267	3685
684177701129875456	729	2141
684147889187209216	1624	3155
684122891630342144	515	2114
684097758874210310	1560	4356
683857920510050305	1208	4039
683852578183077888	381	2042
683849932751646720	1064	2782
683834909291606017	1201	2781
683828599284170753	1146	2968
683773439333797890	1474	3547
683742671509258241	3610	6899
683515932363329536	3151	7804
683498322573824003	1038	3357
683481228088049664	1076	2789
683462770029932544	725	2583
683449695444799489	1743	4130
683391852557561860	2590	8071
683357973142474752	1019	3109
683142553609318400	1127	3051
683111407806746624	988	3606
683098815881154561	714	2298
683078886620553216	609	2102
683030066213818368	793	2281
682962037429899265	18130	39221
682808988178739200	196	1877
682788441537560576	1214	2620
682750546109968385	474	1613
682697186228989953	389	1392
682662431982772225	1168	3226
682638830361513985	651	2178
682429480204398592	1260	3636
682406705142087680	1911	8035
682393905736888321	742	2372
682389078323662849	505	1767
682303737705140231	1081	3264
682259524040966145	1318	4423
682242692827447297	1283	3446
682088079302213632	10740	19415
682059653698686977	1839	5268
682047327939461121	1047	3405
682032003584274432	2186	6966
682003177596559360	1654	3333
681981167097122816	1116	2942
681891461017812993	895	2612
681694085539872773	4392	13526
681679526984871937	484	1865
681654059175129088	1006	2799
681610798867845120	513	2021
681579835668455424	1418	3748
681523177663676416	6310	15162
681340665377193984	303	1736
681339448655802368	4403	9829
681320187870711809	821	2809
681302363064414209	1988	4188
681297372102656000	1036	3378
681281657291280384	1191	3406
681261549936340994	297	1539
681242418453299201	588	1587
681231109724700672	525	2535
681193455364796417	1614	3929
680970795137544192	719	2568
680959110691590145	2156	4818
680940246314430465	1142	3419
680934982542561280	479	2195
680913438424612864	669	2530
680889648562991104	396	1866
680836378243002368	1439	3655
680805554198020098	717	2293
680801747103793152	897	2501
680798457301471234	1125	3026
680609293079592961	775	2786
680583894916304897	1453	3827
680497766108381184	2073	4474
680494726643068929	521	1810
680473011644985345	809	2687
680440374763077632	547	1536
680221482581123072	313	1540
680206703334408192	1275	2989
680191257256136705	550	2267
680176173301628928	1696	4128
680161097740095489	794	2445
680145970311643136	1883	3828
680130881361686529	1028	2423
680115823365742593	986	2868
680100725817409536	1483	3777
680085611152338944	9649	13517
680070545539371008	950	2713
680055455951884288	7708	17653
679877062409191424	692	2075
679872969355714560	718	2297
679862121895714818	675	2601
679854723806179328	1337	3030
679844490799091713	833	2506
679828447187857408	15186	38325
679777920601223168	1210	3261
679736210798047232	864	2208
679729593985699840	888	2282
679722016581222400	509	1747
679530280114372609	2237	5031
679527802031484928	785	2795
679511351870550016	1384	3559
679503373272485890	1601	3336
679475951516934144	689	2217
679462823135686656	20371	33539
679405845277462528	1303	2514
679158373988876288	8781	22688
679148763231985668	1111	2925
679132435750195208	1247	3129
679111216690831360	2758	6281
679062614270468097	8878	18023
679047485189439488	738	2377
679001094530465792	1334	2980
678991772295516161	1269	2448
678969228704284672	498	1728
678800283649069056	977	2711
678798276842360832	1283	3675
678774928607469569	999	2941
678767140346941444	1476	3721
678764513869611008	517	1719
678755239630127104	3579	7524
678740035362037760	1842	3960
678708137298427904	2625	5848
678675843183484930	1603	3022
678643457146150913	460	2160
678446151570427904	1701	4209
678424312106393600	2750	5709
678410210315247616	1967	4455
678399652199309312	29760	61069
678396796259975168	454	1672
678389028614488064	454	1964
678380236862578688	974	2562
678341075375947776	583	1814
678334497360859136	288	1368
678278586130948096	6541	12068
678255464182861824	401	1664
678023323247357953	418	2023
678021115718029313	6852	14464
677961670166224897	1810	3588
677918531514703872	440	1411
677895101218201600	2272	5072
677716515794329600	1043	3198
677700003327029250	1547	3563
677698403548192770	341	1284
677687604918272002	907	2601
677673981332312066	1609	3510
677662372920729601	1048	2043
677644091929329666	856	1971
677573743309385728	780	2242
677565715327688705	488	1355
677557565589463040	1247	2556
677547928504967168	3900	7275
677530072887205888	242	1120
677335745548390400	1926	3200
677334615166730240	315	1422
677331501395156992	254	1141
677328882937298944	1602	3805
677314812125323265	577	1725
677301033169788928	441	1302
677269281705472000	756	2088
677228873407442944	1755	3709
677187300187611136	986	2864
676975532580409345	1148	2909
676957860086095872	866	2311
676949632774234114	424	1360
676948236477857792	935	2280
676946864479084545	405	1781
676942428000112642	813	2173
676936541936185344	5262	13303
676916996760600576	1925	3107
676897532954456065	777	2359
676864501615042560	764	2205
676821958043033607	16737	24163
676819651066732545	708	1884
676811746707918848	455	1486
676776431406465024	2149	5219
676617503762681856	1049	3030
676613908052996102	208	1138
676606785097199616	470	1969
676603393314578432	417	1227
676593408224403456	2312	4789
676590572941893632	135	961
676588346097852417	856	2440
676582956622721024	301	1260
676575501977128964	1198	2704
676533798876651520	596	1961
676496375194980353	570	1589
676470639084101634	4986	12150
676440007570247681	715	1799
676430933382295552	370	1463
676263575653122048	585	2171
676237365392908289	314	1277
676219687039057920	33163	78270
676215927814406144	628	1817
676191832485810177	1096	2384
676146341966438401	714	2001
676121918416756736	1242	2235
676101918813499392	1234	2933
676098748976615425	1537	3144
676089483918516224	456	1375
675898130735476737	610	1710
675891555769696257	933	2227
675888385639251968	1023	2477
675878199931371520	1491	4358
675870721063669760	607	1710
675853064436391936	1384	2803
675849018447167488	162	979
675845657354215424	949	2379
675822767435051008	567	1587
675820929667219457	244	1093
675798442703122432	3607	10678
675781562965868544	506	1689
675740360753160193	371	1209
675710890956750848	882	1970
675707330206547968	740	2069
675706639471788032	103	667
675534494439489536	444	1889
675531475945709568	411	1227
675522403582218240	304	1081
675517828909424640	487	1356
675501075957489664	6192	17816
675497103322386432	1381	3263
675489971617296384	632	1347
675483430902214656	1030	1916
675432746517426176	598	1582
675372240448454658	537	1766
675362609739206656	242	1088
675354435921575936	18210	34064
675349384339542016	2401	4073
675334060156301312	1369	2893
675166823650848770	1720	3757
675153376133427200	2763	6531
675149409102012420	1783	3883
675147105808306176	254	978
675146535592706048	330	1238
675145476954566656	959	2213
675135153782571009	524	1347
675113801096802304	825	2024
675111688094527488	267	998
675109292475830276	1202	2898
675047298674663426	345	1097
675015141583413248	1270	2811
675006312288268288	240	1014
675003128568291329	502	1608
674999807681908736	1168	2331
674805413498527744	374	893
674800520222154752	912	3113
674793399141146624	1155	2595
674790488185167872	268	1141
674788554665512960	220	838
674781762103414784	1276	2075
674774481756377088	503	1171
674767892831932416	844	1894
674764817387900928	252	812
674754018082705410	475	1403
674752233200820224	490	1509
674743008475090944	583	1452
674742531037511680	54	508
674739953134403584	420	1152
674737130913071104	97	665
674690135443775488	494	1183
674670581682434048	688	1677
674664755118911488	269	954
674646392044941312	530	1488
674644256330530816	285	1066
674638615994089473	612	1741
674632714662858753	610	1550
674606911342424069	103	967
674468880899788800	2174	6430
674447403907457024	376	1095
674436901579923456	416	1152
674422304705744896	562	1482
674416750885273600	148	705
674410619106390016	489	1236
674394782723014656	606	1550
674372068062928900	325	875
674330906434379776	76	580
674318007229923329	546	1460
674307341513269249	7321	11707
674291837063053312	6227	15252
674271431610523648	766	1618
674269164442398721	239	925
674265582246694913	892	1692
674262580978937856	481	1345
674255168825880576	591	1518
674082852460433408	179	778
674075285688614912	303	1011
674063288070742018	2345	6571
674053186244734976	1373	3439
674051556661161984	506	1492
674045139690631169	674	1461
674042553264685056	135	741
674038233588723717	431	1136
674036086168010753	227	866
674024893172875264	1294	1844
674019345211760640	315	1169
674014384960745472	684	1611
674008982932058114	369	1236
673956914389192708	1016	2010
673919437611909120	385	1206
673906403526995968	1709	3295
673887867907739649	264	960
673716320723169284	798	3170
673715861853720576	2194	3661
673711475735838725	311	1068
673709992831262724	285	873
673708611235921920	305	1103
673707060090052608	409	1127
673705679337693185	417	1288
673700254269775872	597	1479
673697980713705472	2061	3921
673689733134946305	681	1789
673688752737402881	520	1298
673686845050527744	456	1486
673680198160809984	487	1411
673662677122719744	380	1283
673656262056419329	254	736
673636718965334016	386	1150
673612854080196609	757	1635
673583129559498752	387	1223
673580926094458881	277	850
673576835670777856	586	1419
673363615379013632	325	1051
673359818736984064	701	1493
673355879178194945	612	1535
673352124999274496	566	1699
673350198937153538	222	760
673345638550134785	1344	2601
673343217010679808	281	1000
673342308415348736	615	1302
673320132811366400	8332	13868
673317986296586240	275	891
673295268553605120	3314	7726
673270968295534593	386	1092
673240798075449344	763	1457
673213039743795200	883	2320
673148804208660480	658	1741
672997845381865473	754	2015
672995267319328768	310	979
672988786805112832	304	999
672984142909456390	565	1283
672980819271634944	1041	1859
672975131468300288	956	1730
672970152493887488	370	979
672968025906282496	571	1349
672964561327235073	669	1454
672902681409806336	527	1407
672898206762672129	439	915
672884426393653248	859	1592
672877615439593473	383	1053
672834301050937345	593	1345
672828477930868736	510	1283
672640509974827008	335	997
672622327801233409	516	1323
672614745925664768	613	1252
672609152938721280	405	1141
672604026190569472	422	1140
672594978741354496	629	1356
672591762242805761	347	974
672591271085670400	195	746
672538107540070400	387	1053
672523490734551040	180	661
672488522314567680	455	1145
672482722825261057	633	1163
672481316919734272	128	730
672475084225949696	730	1471
672466075045466113	562	1391
672272411274932228	3534	6627
672267570918129665	640	1534
672264251789176834	354	1173
672256522047614977	1620	2886
672254177670729728	769	1470
672248013293752320	633	1772
672245253877968896	162	702
672239279297454080	333	913
672231046314901505	1053	1886
672222792075620352	221	806
672205392827572224	1203	2318
672169685991993344	386	1047
672160042234327040	374	892
672139350159835138	750	1788
672125275208069120	1195	2468
672095186491711488	383	1024
672082170312290304	381	962
672068090318987265	535	1328
671896809300709376	4323	8682
671891728106971137	590	1361
671882082306625538	1434	3556
671879137494245376	717	1456
671874878652489728	580	1280
671866342182637568	522	1155
671855973984772097	474	931
671789708968640512	3633	7251
671768281401958400	544	1226
671763349865160704	964	1722
671744970634719232	802	1381
671743150407421952	239	757
671735591348891648	786	1482
671729906628341761	4554	8743
671561002136281088	7545	13173
671550332464455680	216	938
671547767500775424	619	1388
671544874165002241	1091	2040
671542985629241344	592	1121
671538301157904385	413	949
671536543010570240	425	1207
671533943490011136	600	1045
671528761649688577	268	858
671520732782923777	550	1432
671518598289059840	303	972
671511350426865664	757	1655
671504605491109889	3687	7224
671497587707535361	465	938
671488513339211776	491	1038
671486386088865792	213	595
671485057807351808	240	783
671390180817915904	763	1453
671362598324076544	306	1143
671357843010908160	152	411
671355857343524864	117	488
671347597085433856	449	992
671186162933985280	222	755
671182547775299584	360	1152
671166507850801152	368	897
671163268581498880	1150	1705
671159727754231808	85	386
671154572044468225	227	737
671151324042559489	160	689
671147085991960577	239	690
671141549288370177	682	1203
671138694582165504	421	956
671134062904504320	200	768
671122204919246848	2629	3583
671115716440031232	803	1390
671109016219725825	458	1171
670995969505435648	303	1132
670842764863651840	9130	25208
670840546554966016	205	612
670838202509447168	726	1139
670833812859932673	128	460
670832455012716544	228	750
670826280409919488	4235	5713
670823764196741120	198	792
670822709593571328	100	627
670815497391357952	1609	3256
670811965569282048	280	1156
670807719151067136	508	1178
670804601705242624	994	2025
670803562457407488	91	348
670797304698376195	247	751
670792680469889025	288	854
670789397210615808	249	679
670786190031921152	209	616
670783437142401025	410	837
670782429121134593	809	1609
670780561024270336	296	800
670778058496974848	74	336
670764103623966721	440	1106
670755717859713024	118	457
670733412878163972	528	988
670727704916926465	379	852
670717338665226240	515	1244
670704688707301377	386	782
670691627984359425	253	600
670679630144274432	299	767
670676092097810432	45	258
670668383499735048	5262	11002
670474236058800128	799	1573
670468609693655041	88	360
670465786746662913	579	1001
670452855871037440	216	561
670449342516494336	699	1225
670444955656130560	2061	6885
670442337873600512	205	662
670435821946826752	543	1080
670434127938719744	672	1439
670433248821026816	118	333
670428280563085312	663	1425
670427002554466305	172	530
670421925039075328	667	1347
670420569653809152	330	647
670417414769758208	336	582
670411370698022913	940	2087
670408998013820928	233	572
670403879788544000	163	444
670385711116361728	220	575
670374371102445568	280	762
670361874861563904	69	337
670338931251150849	117	436
670319130621435904	1282	3955
670303360680108032	140	438
670290420111441920	298	723
670093938074779648	352	1062
670086499208155136	262	715
670079681849372674	1302	2283
670073503555706880	824	1610
670069087419133954	255	648
670061506722140161	357	785
670055038660800512	344	686
670046952931721218	183	660
670040295598354432	115	771
670037189829525505	291	600
670003130994700288	96	341
669993076832759809	87	332
669972011175813120	168	456
669970042633789440	63	309
669942763794931712	174	521
669926384437997569	109	386
669923323644657664	59	242
669753178989142016	422	834
669749430875258880	67	278
669684865554620416	91	534
669683899023405056	114	400
669682095984410625	137	365
669680153564442624	300	686
669661792646373376	459	824
669625907762618368	1884	3624
669603084620980224	384	967
669597912108789760	157	523
669583744538451968	969	1524
669573570759163904	147	447
669571471778410496	1051	1626
669567591774625800	59	240
669564461267722241	129	396
669393256313184256	79	374
669375718304980992	759	1371
669371483794317312	187	508
669367896104181761	164	471
669363888236994561	238	643
669359674819481600	129	378
669354382627049472	1324	2782
669353438988365824	267	661
669351434509529089	195	451
669328503091937280	434	1034
669327207240699904	120	585
669324657376567296	214	507
669216679721873412	419	1216
669214165781868544	178	450
669203728096960512	498	1029
669037058363662336	326	677
669015743032369152	388	757
669006782128353280	261	588
669000397445533696	6625	21421
668994913074286592	242	452
668992363537309700	361	763
668989615043424256	342	701
668988183816871936	493	925
668986018524233728	174	563
668981893510119424	320	553
668979806671884288	366	814
668975677807423489	607	1339
668967877119254528	25	151
668960084974809088	248	726
668955713004314625	74	285
668932921458302977	59	276
668902994700836864	106	324
668892474547511297	158	407
668872652652679168	310	541
668852170888998912	174	462
668826086256599040	145	447
668815180734689280	282	586
668779399630725120	384	722
668655139528511488	226	547
668645506898350081	564	925
668643542311546881	550	908
668641109086707712	558	1100
668636665813057536	506	1071
668633411083464705	1717	2891
668631377374486528	330	735
668627278264475648	118	323
668625577880875008	140	398
668623201287675904	809	1484
668620235289837568	45	209
668614819948453888	326	621
668587383441514497	1124	1703
668567822092664832	60	250
668544745690562560	237	530
668542336805281792	223	471
668537837512433665	78	255
668528771708952576	234	473
668507509523615744	111	332
668496999348633600	136	419
668484198282485761	244	436
668480044826800133	153	473
668466899341221888	535	902
668297328638447616	308	635
668291999406125056	32	253
668286279830867968	142	518
668274247790391296	238	847
668268907921326080	244	569
668256321989451776	642	1334
668248472370458624	504	1019
668237644992782336	2960	6370
668226093875376128	107	309
668221241640230912	205	522
668204964695683073	200	564
668190681446379520	201	667
668171859951755264	202	505
668154635664932864	326	507
668142349051129856	296	578
668113020489474048	252	680
667937095915278337	821	1297
667924896115245057	114	307
667915453470232577	58	215
667911425562669056	315	501
667902449697558528	386	864
667886921285246976	1127	1931
667885044254572545	506	835
667878741721415682	121	399
667873844930215936	419	643
667866724293877760	1066	3064
667861340749471744	80	247
667832474953625600	63	293
667806454573760512	514	1075
667801013445750784	97	336
667793409583771648	337	714
667782464991965184	249	418
667773195014021121	58	240
667766675769573376	225	451
667728196545200128	153	382
667724302356258817	328	496
667550904950915073	35	0
667550882905632768	33	0
667549055577362432	2353	5902
667546741521195010	128	338
667544320556335104	540	886
667538891197542400	67	209
667534815156183040	552	833
667530908589760512	248	480
667524857454854144	1145	1725
667517642048163840	196	374
667509364010450944	2190	6900
667502640335572993	224	539
667495797102141441	281	534
667491009379606528	232	544
667470559035432960	100	261
667455448082227200	60	193
667453023279554560	92	319
667443425659232256	594	801
667437278097252352	245	455
667435689202614272	85	309
667405339315146752	222	473
667393430834667520	58	198
667369227918143488	167	373
667211855547486208	248	499
667200525029539841	266	622
667192066997374976	109	392
667188689915760640	427	759
667182792070062081	6360	14552
667177989038297088	55	193
667176164155375616	472	618
667174963120574464	84	251
667171260800061440	92	226
667165590075940865	1169	2728
667160273090932737	63	262
667152164079423490	17522	48483
667138269671505920	2266	4685
667119796878725120	129	331
667090893657276420	129	339
667073648344346624	125	411
667070482143944705	14	85
667065535570550784	48	168
667062181243039745	55	220
667044094246576128	51	186
667012601033924608	227	453
666996132027977728	96	247
666983947667116034	1001	2578
666837028449972224	561	830
666835007768551424	80	217
666826780179869698	97	256
666817836334096384	258	523
666804364988780544	94	244
666786068205871104	489	766
666781792255496192	200	392
666776908487630848	175	354
666739327293083650	66	239
666701168228331520	221	434
666691418707132416	47	190
666649482315059201	609	993
666644823164719104	83	233
666454714377183233	208	521
666447344410484738	20	105
666437273139982337	48	125
666435652385423360	53	165
666430724426358785	197	318
666428276349472768	83	165
666421158376562688	111	316
666418789513326592	46	123
666411507551481857	324	440
666407126856765440	40	108
666396247373291520	84	167
666373753744588802	92	187
666362758909284353	567	773
666353288456101888	72	219
666345417576210432	135	294
666337882303524864	90	197
666293911632134144	353	497
666287406224695296	64	146
666273097616637952	76	174
666268910803644416	35	102
666104133288665088	6537	14242
666102155909144576	12	80
666099513787052032	67	153
666094000022159362	73	163
666082916733198337	44	117
666073100786774016	163	320
666071193221509120	60	146
666063827256086533	217	471
666058600524156928	57	111
666057090499244032	141	294
666055525042405380	249	432
666051853826850816	844	1208
666050758794694657	59	132
666049248165822465	40	109
666044226329800704	141	297
666033412701032449	44	125
666029285002620928	46	129
666020888022790149	511	2557
